N,Impacto,Tiempo
6,1,0.03899855
8,6,0.024481799999999998
10,3,0.022889899999999998
12,12,0.039241950000000005
14,11,0.04995600000000001
16,13,0.05514150000000001
18,17,0.0712265
20,17,0.0814674
22,15,0.12411534999999996
24,21,0.10571760000000001
26,28,0.1710486
28,36,0.16833125
30,36,0.17788495
