N,Impacto,Tiempo
6,1,0.015342350000000001
8,6,0.01444875
10,3,0.021125450000000004
12,12,0.02951075000000001
14,11,0.0387687
16,13,0.03997969999999999
18,17,0.06979555000000001
20,17,0.059267499999999994
22,15,0.08854175
24,21,0.11576374999999998
26,28,0.12303755000000001
28,36,0.1266384
30,36,0.13928255
