N,Impacto,Tiempo
6,1,0.024012349999999995
8,6,0.025582099999999997
10,3,0.04003349999999999
12,16,0.05179025
14,12,0.07862825
16,16,0.08662670000000001
18,20,0.11421129999999999
20,17,0.10631115000000002
22,24,0.16761565
24,23,0.19638380000000003
26,35,0.22511520000000002
28,40,0.22547430000000004
30,40,0.25171555
