N,Impacto,Tiempo
6,1,0.029307849999999996
8,6,0.029398399999999998
10,3,0.04728655
12,16,0.05636725
14,12,0.0780443
16,16,0.09894850000000001
18,20,0.13417345000000003
20,17,0.15629735
22,24,0.21851044999999997
24,23,0.19139845000000003
26,35,0.22335819999999998
28,40,0.26969745000000006
30,40,0.36348349999999996
