N,Impacto,Tiempo
6,1.0,114.99370000000003
8,6.0,132.91485
10,3.0,251.14965
12,16.0,269.6181
14,12.0,462.32075
16,20.0,661.5391
18,24.0,955.8912
20,25.0,915.7185999999999
22,26.0,1555.7649999999999
24,32.0,1761.4675
26,38.0,2668.144500000001
28,48.0,4651.6975
30,44.0,3054.1799999999994
