N,Impacto,Tiempo
6,1.0,112.52405000000002
8,6.0,117.41989999999998
10,3.0,258.19475
12,16.0,216.74785000000003
14,12.0,354.64050000000003
16,20.0,665.6872000000001
18,26.0,781.0809
20,25.0,880.6752
22,24.0,1035.438
24,29.0,1573.574
26,38.0,1941.9640000000004
28,40.0,1835.8005
30,46.0,5647.291
