N,Impacto,Tiempo
6,1.0,5.073744
8,6.0,8.104918999999999
10,3.0,1129.6734999999999
12,16.0,15.680259999999995
14,12.0,27.28732
16,16.0,2477.817
18,20.0,49.450375
20,19.0,74.17449500000001
22,25.0,99.67317
24,24.0,115.51525000000001
26,35.0,136.02999999999997
28,43.0,156.96499999999997
30,41.0,214.65550000000002
